고양이 사가트,579
세뇌된 탱크 고양이,636
None,165
None,479
그리폰,71
쿵후 냥코,10
논리의 현자 소라크테스,728
None,628
패룡 디오라무스,177
고대수 나라,653
물 만난 물고기,104
꼬맹이 아야나미 레이 (가명),491
어린이 개복치,173
열혈경파 쿠니오군,624
KAITO＆고양이,591
오래된 알: N112,724
냥코 3형제,108
비탄의 무희 이즈,657
고양이 베이비,59
후우,116
세뇌된 배틀 고양이,645
고양이 왕녀,612
신,141
카오루가,712
고양이 마녀,55
콘노 미사키,387
고양이 야구,287
고양이 루가,34
오야마 미야비,395
오래된 알: N003,669
유술사,120
고양이 호무라,295
고양이 파이터,47
고양이 차륜,38
오래된 알: N005,700
인어 고양이,149
무스(오리),600
고양이 머신,43
발차기 공주,26
묘반권 파이파이,283
쿵후 냥코G,132
축복의 신 크로노스,661
수수께끼의 가면 우라라,383
None,252
고양이 형제S,501
고양이 신선,352
번개의 정령 볼트,401
고양이 음양사,198
광란의 탱크 고양이,92
윈디 스위트,229
메구리네 루카,560
코넬리아,186
고양이 에그,329
고양이 고토미네 & 고양이 길가메쉬 ,460
꼬맹이 레이,409
빨간 머리 고양이 유키,340
고양이 춘리,509
가시루가,240
내가 도깨비라오,80
네로 마신,472
None,321
아키라,194
바이슨,572
마즈 피플,221
고양이 탐사기,376
None,425
운명의 아이 포노,690
여름빛 귀요미,276
긴타로,525
황소 고양이,4
길가메쉬 ,368
격・신,437
고양이 냥미,268
카가미네 린&렌,537
꼬맹이 거신 고양이,313
전대 드라이버,444
None,213
나나호,544
매드슈터 사키,533
None,264
여신 베가,682
냥코쿠마,433
이리야스필,364
제4사도,548
에리,217
무사시,448
CPAC,317
기신 알리바바,556
None,205
거신 고양이,8
마토 사쿠라,456
고대군함 가레스,305
고양이 닌자~청~,82
사탄마리아,470
살의의 고양이,319
캣맨대디,196
용기사 스컬 바르스,570
SV-001,219
꼬맹이 마리,411
은혜갚는 고양이,342
류,511
산타의 메리 쿠우,242
미스티카,188
None,90
오뎅,231
고양이 루카,562
미스터 닌자,184
클라운 에그덕,331
필리버스터X,462
None,250
주걱턱 호랑이,499
니세타마 군단,350
Mentori,399
고양이 슬라임,527
나메코 탱크,278
고양이 퀘스트,427
칠흑의 미타마,378
달인 우리르,554
너굴냥즈,203
None,454
타코야끼냥,303
하츠네 미쿠,535
None,266
카스가노 사쿠라,680
꼬마 고양이 발키리,435
랜서,366
피코 타로,315
전대 포클레인 고양이,446
마르코,215
오이루가,546
꼬마 사쿠라,374
None,423
엄지 동자,692
트로피칼 칼리파,274
고양이 무도가,523
고양이 피쉬,6
고양이 점퍼,307
아처 고양이,458
None,207
레어 뽑기 고양이,558
None,167
None,638
요이치,114
고양이 초인,643
꼬맹이 미사토,489
냥복치,175
None,626
발렌타인 귀요미,589
None,726
고양이 스시,61
고양이 밧줄,12
얼음의 정령 블리즈,655
카이,106
735_1,734
스톤 고양이,581
백기사 키클롭스,634
None,163
천재 과학자 헤븐 박사,481
잠자는 발차기 공주,69
테룬,647
레이,118
고양이 발키리,24
고양이 슈발리에,57
None,285
울프와 우루룬,130
오래된 알: N102,659
야베 아키오,385
None,702
고양이 바벨,151
쿠온지 우쿄(남장),602
고양이 마미,297
사쿠라,397
게이샤 고양이,45
고양이 스위머,36
니지마 사키,393
사오토메 란마(레오타드),671
여왕님의 휴일,122
큐베,293
골드바 고양이,610
태권도 냥코,139
에바 13호기,710
고양이 캡슐,28
에반젤리스트,53
유모차 고양이,442
꼬맹이 고양이 피쉬,311
None,542
꼬맹이 배틀 고양이,211
세뇌된 고양이 도마뱀,688
배틀 고양이,2
POKOTA,419
고양이 사쿠라,370
고양이 반장,696
라스트 보스,519
광란의 유키,270
고양이 서퍼,199
제10사도,550
꼬마 마도카,299
천성용 바벨,450
None,262
네코쿠마,531
세뇌된 고양이 피쉬,684
세이버,362
망자탐정 비그라,431
라이프가드 고양이,566
풍요의 여신 프레이야,235
수수께끼의 소녀 유키,180
블랙 제우스,466
인어아가씨 루리,335
광란의 징글 고양이,94
고양이 발로그,578
냥프킨,227
환상의 정령 루미나,478
벨리알,327
None,503
None,254
고양이 겐도&후유츠키,403
여름의 카이,354
무사시,323
십자가천사,474
None,192
주피터 킹,223
사가트,574
좀비아가씨 버베나,358
고양이 아스카,407
수호신 아누비스,258
슈퍼 고양이,507
신룡 카무쿠라,86
광란의 고양이 도마뱀,98
토도메키,346
고양이 신지,415
꼬맹이 황소 고양이,246
블랑카,515
네코즈카 카린,389
꼭두각시 냥코,126
오래된 알: N105,675
아케미 호무라,289
고양이 댄스,32
대나무 공주,138
세뇌된 고양이 새,667
고양이 도둑,49
고양이 간호사,143
바닷가의 대나무 공주,614
비치 다이빙 모험가 칸나,714
None,281
오래된 알: N103,663
냥꼬북,134
고양이 농가,381
고양이 무사,20
고양이 옥수수,718
아레스,618
양철 고양이,147
고양이 에스테,41
오래된 알: N108,706
고양이 판다,606
None,155
레드 마론,102
말괄량이 고양이 라이온,651
텐도 아카네,597
주걱턱 고양이,497
귀여미,16
하데스,73
None,730
요수 가루,585
명계의 칼리파,159
고양이 서예,630
카렛트,485
None,639
세레스,110
드로이드,77
황소 공주,65
창조신 가이야,493
자간드 Jr,622
바라라가,171
고양이 렌,593
하츠네 미쿠 16th,722
고양이 사과,39
미쿠모 오사무&고양이,677
처녀귀신 냥코,128
None,704
고양이 란마(남),604
고양이 토스터,153
흰고양이 나메코,279
오래된 알: N201,665
복숭아 동자,136
고양이 배구,379
고양이 피버,22
고양이 점쟁이,51
건맨 고양이,145
사슴벌레 고양이,616
오래된 알: N111,716
타치바나 미즈키,391
오딘,124
ネコチーター,673
토모에 마미,291
None,157
None,608
고양이 제트,708
고양이 보살,30
고양이 운동회,63
고양이 마타도르,495
사룡 헤비저크,620
쿠비루가,169
춘룡 카무쿠라,595
오래된 알: N006,720
고양이 닌자,18
무희 이즈,641
올가,112
에바 8호기,487
사랑의 여신 쇼콜라디테,587
바람의 신・윈디,75
733_1,732
하츠네 미쿠 MAGICAL MIRAI 2020 도쿄,583
광란의 발차기 공주,161
초용전기 데스 트로이,632
카노와 소우마,483
꼬마 가우,67
고양이 소녀,100
흑표,649
고양이 한박스,14
냥웨이,260
재앙의 캐슬리,529
빛의 여신 시리우스,686
물의 정령 마리,360
오덕 고양이 긱,429
군악대장,201
고양이 카오루,552
고양이 큐베,301
고대 고양이,452
썬더 잭,698
고양이,0
COCO,421
고양이 이리야,372
세뇌된 거신 고양이,694
고양이 메두사,521
번영신 가네샤,272
베베,440
None,309
None,540
꼬맹이 고양이,209
프린세스 발차기 공주호,337
세인트 피닉스,468
고양이 박사 냥코,237
이디:N,568
오르토스,344
에바 초호기,413
고양이의 선물,244
가일,513
고양이 복서,325
고양이 데빌,476
시톨이유,190
하이 도,225
C. Honda,576
성룡 메기도라,84
각룡 그라디오스,505
None,256
꼬맹이 카오루,405
None,356
고양이 줄넘기,88
고양이 루가의 여름,564
신도 브륀힐트,233
쿠쿠크루12,182
토우전사 도그마루,464
흑수 가오우,333
광란의 고양이 새,96
켄,517
저세상 냥코,248
온천천국 테르마이,417
구데타마 플레이트,348
햐쿠타로,214
화근의 마녀 캐슬리,543
대청소 귀요미,314
전대 드릴러,443
고양이 타이푼,267
고양이 미쿠,538
라이더,367
불타는 해변의 쿠우,438
징글 고양이,3
한여름의 화이트 래빗,275
겨울 천사 시시루와 코마리,526
기념주화 고양이,375
고양이 라이더 맴매,426
None,689
고양이 도마뱀,7
원더 모모코,455
비행습격 바머스,306
샤먼 칸,555
None,206
전대 직쏘고양이,447
무녀공주 미타마,318
백야 공주 레이,547
피오,218
루크,681
None,434
토오사카 린,363
명계신 하데스,534
None,263
하루슈토,185
봄의 사라만다,330
고양이 라이더,459
데빌 산디아,230
지옥 경찰 엠마,559
광란의 고양이,91
사이킥 냥코,197
시시루와 코마리,351
꼬맹이 신지,402
None,251
멜슈,502
E. Honda,571
휴즈 허미트,222
헤라클라이스트,471
떠돌이 악사,322
None,193
냥코 성인,79
고우키,510
견습생 스냥이퍼,239
꼬맹이 아스카,410
None,339
고양이 사야카,296
고룡 강글리온,396
오래된 알: N202,670
와이번,119
고양이 해적,48
고타츠양이,33
고양이 아처,56
카나메 마도카,288
카타기리 렌,388
바라라가의 서약,711
고양이 고질라,611
None,142
귀요미,131
세뇌된 황소 고양이,662
히카미 사토리&냥코,384
냥코 우등,284
고양이 무트,25
도깨비 야옹마,44
고양이 홉핑,37
창가의 소녀 고양이,150
샴푸(고양이),599
결투소년 래빗 사토루,699
세뇌된 징글 고양이,654
가왕 냥코,103
고양이 여배우,9
None,627
None,178
None,727
백호,72
100만불 고양이,635
None,166
None,480
고양이 교장,735
고양이 베가,580
세럼,115
폭죽 고양이,646
갓파 마인,107
오래된 알: N101,658
고양이브・론즈,60
고양이 린,592
광익신 이시스,723
None,492
개복치 왕,174
고양이 하멜론,623
None,398
고양이 쿄코,298
고양이 쥬라,46
고양이 스케이트,152
핫포사이,601
None,701
고양이 마검사,58
골드 고양이,129
해룡 다라이어던,660
니지타니 사이리,386
광전기병 레이,286
고양이 스커트,23
None,54
외눈의 소녀 아스카,709
흑수 가르디언,609
말랑말랑 고양이,140
고양이 공주,27
고양이 마도카,294
호시이 스바루,394
사오토메 겐마(판다),672
메르크,121
오덕 고양이,35
고양이퐁,62
유키 미쿠 2021,590
닌자아가씨 토모에,725
꼬맹이 리츠코,490
마시멜로 냥코,176
오코루가,625
노룬,113
하얀 연인 메카소녀 진,644
아시루가,168
None,637
고양리맨,70
사랑대장 도깨비 야옹마,648
아우라,117
혀 잘린 참새,633
None,164
행복을 바란 소년 소우마,482
페가사,733
하츠네 미쿠 MAGICAL MIRAI 2020 오사카,582
오래된 알: N001,656
쿠우,105
Mr.,11
아마토리 치카&고양이,679
노비루가,436
아처,365
사쿠라 미쿠,536
None,265
None,453
강철육군 카타바르스,304
고양이 베이커리,553
None,204
고양이 소우마,428
고양이 펜싱,377
고양이 코사크,528
나메코,277
None,208
천자남 잭,557
고양이 새,5
고양이 가위,308
고양이 시로,457
치어리더 냥코,273
None,524
꼬마 시로,373
None,424
오래된 알: N000,691
타마,216
팬텀 고양이,545
해왕신 포세이돈,316
전대 커터 고양이,445
유벤스,187
춘리,512
스노우맨의 스노우 카이,241
에바 영호기,412
잃어버린 세계의 유키,341
돌의 정령 롤링스톤,569
알렌 오닐,220
슈퍼 데빌,469
None,320
메카소녀 진,195
냥코 부부,81
구데구데 푸딩,349
Imoto,400
None,249
주걱턱 팬더,500
냥코 카트R,183
이스타 귀요미,332
레제루가,461
빛의 신도 발키리,232
MEIKO＆고양이,561
니무에,89
피닉스,160
세뇌된 고양이,629
히나,486
730_1,729
고양이 왕자,586
순록피쉬,74
주걱턱 라이온,498
히비키 료가(돼지),598
고양이 팬티,15
약산성 엘,101
고양이 칠판지우개,652
공중상사 콜럼버스,594
화원고교 번장 리키,721
바닷바람의 세일러 갓파,494
악마연구가,621
꼬맹이 야옹마,172
BCK48,66
None,640
마담・더・신부,109
고양이와 우주,78
오래된 알: N203,713
냥코 성 mini,144
고대 가면신 드론,613
석공 냥돌이,137
고양이 텐구,668
고양이 승려,50
고양이 일진,31
미키 사야카,290
하야카와 아오이,390
아수라,125
오래된 알: N106,676
고양이 아카네,605
None,156
비명의 왕 포노아,705
고양이 아이스,42
고양이 좀비,19
소환소년 사토루,617
고양이 로커,148
오래된 알: N110,717
오래된 알: N104,664
None,133
유리 고양이,382
냥코 오도리,282
기린 고양이 초호기,404
None,353
None,504
None,253
고양이노스케,477
해피100,328
고양이 바이슨,577
할로윈 귀요미,228
광란의 배틀 고양이,93
타쿠야와 유키,179
None,465
미라아가씨 레이카,336
선탠 고양이,565
군신 오딘,236
광란의 고양이 피쉬,97
꼬맹이 징글 고양이,245
달심,516
미세리아,345
제로문 오퍼레이터즈,416
천공신 제우스,257
고양이 류,508
늑대아가씨 딜,357
고양이 마리,408
용기사 바르스,85
모덴 원수,224
발로그,573
고양이 스톤,324
야마토 왕자,473
티티,191
고양이 칠복신,520
요수 가오,269
OVIS,420
고양이 세이버,369
살의의 탱크 고양이,695
탱크 고양이,1
사슴뿔 테룬,687
None,541
화이트 래빗,212
호걸 달타냥,441
꼬맹이 고양이 도마뱀,312
백작 그리폰,683
바람의 정령 에어리,361
적극적인 곰,432
천주 송골매,261
펜리르와 우르스,532
꼬마 호무라,300
잔다르크,449
메탈 고양이,200
제6사도,549
지룡 소돔,83
주술사 데스삐에로,226
베가,575
뫼비우스,326
고양이 약신자,475
알로이스,189
성야의 시스터 갓파,243
장기에프,514
민달팽이 고양이,343
에바 2호기,414
고양이 도련님,238
None,567
누아다,338
슈퍼 제우스,467
광란의 황소 고양이,95
광란의 귀여미,418
구데타마 냥코,347
고우키 기린,518
꼬맹이 고양이 새,247
고양이 유키,181
종말 병기 무우,463
여우아가씨 하늘나리,334
아쿠아슈터 사키,563
신도 스루즈,234
고양이 레이,406
관측병기 갈릴레오,355
아이월츠,506
None,255
용병기 라이덴,87
오래된 알: N107,697
고양이 아이스 고스트,302
리코더 고양이,451
소룡포 냥코,202
제9사도,551
오래된 알: N004,685
불의 정령 메라라,359
구데 냥코 머신,430
미의 여신 아프로디테,259
에르메,530
럭비 고양이,539
꼬맹이 탱크 고양이,210
시간의 신 크로노스,439
고양이 간호사 캔들,310
고양이 금도끼은도끼,522
태양신 아마테라스,271
None,422
고양이 린,371
백집사 탐정 비그라,693
첫사랑 멜슈,588
공중 전함 고양이 분더,488
타락 천신 루시퍼,642
노노,111
사오토메 란마(남),596
철의 정령 메탈릭,719
미네르바,496
리린,619
테코루가,170
고양이 세발자전거,17
검사,64
여왕 고양이,13
사신,68
광란의 거신 고양이,99
소꿉친구 냥코,650
None,162
어둠의 정령 야미,631
다크 꼬마 고양이 발키리,484
새벽의 이자나기,731
산타 백호,584
번개의 신・산디아,76
스모 고양이,21
여름밤 해변의 리린,666
크레인 냥코,135
쾌걸 달타냥,380
요새 나메코,280
쿠노 타테와키(도복),603
고양이 훌라,154
None,703
고양이 욕조,40
쿠가 유마&고양이,678
고양이 플라워,127
오래된 알: N109,707
사라만다,158
모험가 칸나,607
마스크 오브 고양이,29
사쿠라 쿄코,292
로쿠도 히지리,392
콩콩 냥코,123
유랑극단 캐러셀즈,674
건설병단 스핑크스,715
죽마 고양이,146
장수풍뎅이 고양이,615
고양이 샤먼,52